Tiempo_s,TorqueSolicitado_Nm,TorqueMotor_Nm,VelocidadMotor_rpm,VelocidadAngular_rad_s,PotenciaMecanica_kW,PotenciaElectrica_kW,CorrienteDC_A,Eficiencia_pct,PotenciaRegenerativa_kW,Perdidas_kW
0,0,0,0,0,0,0,0,NaN,-0,0
0.1,2.5,2.5,25,2.61799387799149,0.00654498469497874,0.00711411379888993,0.0199834657272189,92,0,0.000569129103911195
0.2,5,5,50,5.23598775598299,0.0261799387799149,0.0284564551955597,0.0799338629088756,92,0,0.00227651641564478
0.3,7.5,7.5,75,7.85398163397448,0.0589048622548086,0.0640270241900094,0.17985119154497,92,0,0.00512216193520074
0.4,10,10,100,10.471975511966,0.10471975511966,0.113825820782239,0.319735451635502,92,0,0.00910606566257911
0.5,12.5,12.5,125,13.0899693899575,0.163624617374468,0.177852844972248,0.499586643180473,92,0,0.0142282275977799
0.6,15,15,150,15.707963267949,0.235619449019235,0.256108096760038,0.719404766179881,92,0,0.020488647740803
0.7,17.5,17.5,175,18.3259571459405,0.320704250053958,0.348591576145607,0.979189820633726,92,0,0.0278873260916485
0.8,20,20,200,20.943951023932,0.418879020478639,0.455303283128956,1.27894180654201,92,0,0.0364242626503165
0.9,22.5,22.5,225,23.5619449019234,0.530143760293277,0.576243217710084,1.61866072390473,92,0,0.0460994574168067
1,25,25,250,26.1799387799149,0.654498469497873,0.711411379888993,1.99834657272189,92,0,0.0569129103911195
1.1,27.5,27.5,275,28.7979326579064,0.791943148092427,0.860807769665682,2.41799935299349,92,0,0.0688646215732545
1.2,30,30,300,31.4159265358979,0.942477796076938,1.02443238704015,2.87761906471952,92,0,0.0819545909632119
1.3,32.5,32.5,325,34.0339204138894,1.10610241345141,1.2022852320124,3.3772057079,92,0,0.0961828185609918
1.4,35,35,350,36.6519142918809,1.28281700021583,1.39436630458243,3.91675928253491,92,0,0.111549304366594
1.5,37.5,37.5,375,39.2699081698724,1.47262155637022,1.60067560475023,4.49627978862425,92,0,0.128054048380019
1.6,40,40,400,41.8879020478639,1.67551608191456,1.82121313251582,5.11576722616804,92,0,0.145697050601266
1.7,42.5,42.5,425,44.5058959258554,1.89150057684885,2.05597888787919,5.77522159516626,92,0,0.164478311030335
1.8,45,45,450,47.1238898038469,2.12057504117311,2.30497287084034,6.47464289561892,92,0,0.184397829667227
1.9,47.5,47.5,475,49.7418836818384,2.36273947488732,2.56819508139926,7.21403112752602,92,0,0.205455606511941
2,50,50,500,52.3598775598299,2.61799387799149,2.84564551955597,7.99338629088756,92,0,0.227651641564478
2.1,52.5,52.5,525,54.9778714378214,2.88633825048562,3.13732418531046,8.81270838570354,92,0,0.250985934824836
2.2,55,55,550,57.5958653158129,3.16777259236971,3.44323107866273,9.67199741197395,92,0,0.275458486293018
2.3,57.5,57.5,575,60.2138591938044,3.46229690364375,3.76336619961277,10.5712533696988,92,0,0.301069295969022
2.4,60,60,600,62.8318530717959,3.76991118430775,4.0977295481606,11.5104762588781,92,0,0.327818363852848
2.5,62.5,62.5,625,65.4498469497874,4.09061543436171,4.44632112430621,12.4896660795118,92,0,0.355705689944496
2.6,65,65,650,68.0678408277789,4.42440965380563,4.80914092804959,13.5088228316,92,0,0.384731274243967
2.7,67.5,67.5,675,70.6858347057703,4.7712938426395,5.18618895939076,14.5679465151426,92,0,0.414895116751261
2.8,70,70,700,73.3038285837618,5.13126800086333,5.5774652183297,15.6670371301396,92,0,0.446197217466376
2.9,72.5,72.5,725,75.9218224617534,5.50433212847712,5.98296970486643,16.8060946765911,92,0,0.478637576389315
3,75,75,750,78.5398163397448,5.89048622548086,6.40270241900094,17.985119154497,92,0,0.512216193520075
3.1,77.5,77.5,775,81.1578102177363,6.28973029187457,6.83666336073322,19.2041105638574,92,0,0.546933068858658
3.2,80,80,800,83.7758040957278,6.70206432765823,7.28485253006329,20.4630689046722,92,0,0.582788202405063
3.3,82.5,82.5,825,86.3937979737193,7.12748833283184,7.74726992699113,21.7619941769414,92,0,0.619781594159291
3.4,85,85,850,89.0117918517108,7.56600230739542,8.22391555151676,23.1008863806651,92,0,0.657913244121341
3.5,87.5,87.5,875,91.6297857297023,8.01760625134895,8.71478940364016,24.4797455158432,92,0,0.697183152291213
3.6,90,90,900,94.2477796076938,8.48230016469244,9.21989148336135,25.8985715824757,92,0,0.737591318668907
3.7,92.5,92.5,925,96.8657734856853,8.96008404742589,9.73922179068031,27.3573645805627,92,0,0.779137743254425
3.8,95,95,950,99.4837673636768,9.4509578995493,10.2727803255971,28.8561245101041,92,0,0.821822426047764
3.9,97.5,97.5,975,102.101761241668,9.95492172106266,10.8205670881116,30.3948513711,92,0,0.865645367048926
4,100,100,1000,104.71975511966,10.471975511966,11.3825820782239,31.9735451635502,92,0,0.910606566257911
4.1,102.5,102.5,1025,107.337748997651,11.0021192722593,11.958825295934,33.592205887455,92,0,0.956706023674718
4.2,105,105,1050,109.955742875643,11.5453530019425,12.5492967412418,35.2508335428141,92,0,1.00394373929935
4.3,107.5,107.5,1075,112.573736753634,12.1016767010157,13.1539964141475,36.9494281296277,92,0,1.0523197131318
4.4,110,110,1100,115.191730631626,12.6710903694788,13.7729243146509,38.6879896478958,92,0,1.10183394517207
4.5,112.5,112.5,1125,117.809724509617,13.2535940073319,14.4060804427521,40.4665180976183,92,0,1.15248643542017
4.6,115,115,1150,120.427718387609,13.849187614575,15.0534647984511,42.2850134787952,92,0,1.20427718387609
4.7,117.5,117.5,1175,123.0457122656,14.457871191208,15.7150773817479,44.1434757914266,92,0,1.25720619053983
4.8,120,120,1200,125.663706143592,15.079644737231,16.3909181926424,46.0419050355124,92,0,1.31127345541139
4.9,122.5,122.5,1225,128.281700021583,15.7145082526439,17.0809872311347,47.9803012110526,92,0,1.36647897849078
5,125,125,1250,130.899693899575,16.3624617374468,17.7852844972248,49.9586643180473,92,0,1.42282275977798
5.1,127.5,127.5,1275,133.517687777566,17.0235051916397,18.5038099909127,51.9769943564964,92,0,1.48030479927302
5.2,130,130,1300,136.135681655558,17.6976386152225,19.2365637121984,54.0352913263999,92,0,1.53892509697587
5.3,132.5,132.5,1325,138.753675533549,18.3848620081953,19.9835456610818,56.1335552277579,92,0,1.59868365288655
5.4,135,135,1350,141.371669411541,19.085175370558,20.744755837563,58.2717860605703,92,0,1.65958046700504
5.5,137.5,137.5,1375,143.989663289532,19.7985787023107,21.520194241642,60.4499838248372,92,0,1.72161553933136
5.6,140,140,1400,146.607657167524,20.5250720034533,22.3098608733188,62.6681485205585,92,0,1.7847888698655
5.7,142.5,142.5,1425,149.225651045515,21.2646552739859,23.1137557325934,64.9262801477342,92,0,1.84910045860747
5.8,145,145,1450,151.843644923507,22.0173285139085,23.9318788194657,67.2243787063644,92,0,1.91455030555726
5.9,147.5,147.5,1475,154.461638801498,22.783091723221,24.7642301339358,69.562444196449,92,0,1.98113841071487
6,150,150,1500,157.07963267949,23.5619449019235,25.6108096760037,71.9404766179881,92,0,2.0488647740803
6.1,152.5,152.5,1525,159.697626557481,24.3538880500159,26.4716174456694,74.3584759709816,92,0,2.11772939565355
6.2,155,155,1550,162.315620435473,25.1589211674983,27.3466534429329,76.8164422554295,92,0,2.18773227543463
6.3,157.5,157.5,1575,164.933614313464,25.9770442543706,28.2359176677941,79.3143754713319,92,0,2.25887341342353
6.4,160,160,1600,167.551608191456,26.8082573106329,29.1394101202532,81.8522756186886,92,0,2.33115280962025
6.5,162.5,162.5,1625,170.169602069447,27.6525603362852,30.05713080031,84.4301426974999,92,0,2.4045704640248
6.6,165,165,1650,172.787595947439,28.5099533313274,30.9890797079645,87.0479767077656,92,0,2.47912637663716
6.7,167.5,167.5,1675,175.40558982543,29.3804362957595,31.9352568432169,89.7057776494857,92,0,2.55482054745735
6.8,170,170,1700,178.023583703422,30.2640092295817,32.895662206067,92.4035455226602,92,0,2.63165297648536
6.9,172.5,172.5,1725,180.641577581413,31.1606721327938,33.870295796515,95.1412803272892,92,0,2.7096236637212
7,175,175,1750,183.259571459405,32.0704250053958,34.8591576145607,97.9189820633726,92,0,2.78873260916485
7.1,177.5,177.5,1775,185.877565337396,32.9932678473878,35.8622476602041,100.736650730911,92,0,2.86897981281633
7.2,180,180,1800,188.495559215388,33.9292006587698,36.8795659334454,103.594286329903,92,0,2.95036527467563
7.3,182.5,182.5,1825,191.113553093379,34.8782234395417,37.9111124342844,106.49188886035,92,0,3.03288899474275
7.4,185,185,1850,193.731546971371,35.8403361897036,38.9568871627213,109.429458322251,92,0,3.1165509730177
7.5,187.5,187.5,1875,196.349540849362,36.8155389092554,40.0168901187559,112.406994715606,92,0,3.20135120950047
7.6,190,190,1900,198.967534727354,37.8038315981972,41.0911213023882,115.424498040416,92,0,3.28728970419105
7.7,192.5,192.5,1925,201.585528605345,38.8052142565289,42.1795807136184,118.481968296681,92,0,3.37436645708947
7.8,195,195,1950,204.203522483337,39.8196868842506,43.2822683524463,121.5794054844,92,0,3.46258146819571
7.9,197.5,197.5,1975,206.821516361328,40.8472494813623,44.3991842188721,124.716809603573,92,0,3.55193473750976
8,200,200,2000,209.43951023932,41.8879020478639,45.5303283128955,127.894180654201,92,0,3.64242626503165
8.1,202.5,202.5,2025,212.057504117311,42.9416445837555,46.6757006345168,131.111518636283,92,0,3.73405605076135
8.2,205,205,2050,214.675497995303,44.008477089037,47.8353011837359,134.36882354982,92,0,3.82682409469887
8.3,207.5,207.5,2075,217.293491873294,45.0883995637085,49.0091299605527,137.666095394811,92,0,3.92073039684421
8.4,210,210,2100,219.911485751286,46.18141200777,50.1971869649673,141.003334171257,92,0,4.01577495719738
8.5,212.5,212.5,2125,222.529479629277,47.2875144212214,51.3994721969797,144.380539879157,92,0,4.11195777575838
8.6,215,215,2150,225.147473507269,48.4067068040627,52.6159856565899,147.797712518511,92,0,4.20927885252719
8.7,217.5,217.5,2175,227.76546738526,49.5389891562941,53.8467273437979,151.25485208932,92,0,4.30773818750383
8.8,220,220,2200,230.383461263251,50.6843614779153,55.0916972586036,154.751958591583,92,0,4.40733578068829
8.9,222.5,222.5,2225,233.001455141243,51.8428237689266,56.3508954010071,158.289032025301,92,0,4.50807163208057
9,225,225,2250,235.619449019235,53.0143760293278,57.6243217710084,161.866072390473,92,0,4.60994574168068
9.1,227.5,227.5,2275,238.237442897226,54.1990182591189,58.9119763686075,165.4830796871,92,0,4.7129581094886
9.2,230,230,2300,240.855436775218,55.3967504583,60.2138591938044,169.140053915181,92,0,4.81710873550435
9.3,232.5,232.5,2325,243.473430653209,56.6075726268711,61.529970246599,172.836995074716,92,0,4.92239761972792
9.4,235,235,2350,246.0914245312,57.8314847648321,62.8603095269914,176.573903165706,92,0,5.02882476215931
9.5,237.5,237.5,2375,248.709418409192,59.0684868721831,64.2048770349816,180.350778188151,92,0,5.13639016279853
9.6,240,240,2400,251.327412287184,60.318578948924,65.5636727705696,184.167620142049,92,0,5.24509382164556
9.7,242.5,242.5,2425,253.945406165175,61.5817609950549,66.9366967337554,188.024429027403,92,0,5.35493573870042
9.8,245,245,2450,256.563400043166,62.8580330105758,68.3239489245389,191.92120484421,92,0,5.46591591396312
9.9,247.5,247.5,2475,259.181393921158,64.1473949954866,69.7254293429202,195.857947592472,92,0,5.57803434743361
10,250,250,2500,261.799387799149,65.4498469497874,71.1411379888993,199.834657272189,92,0,5.69129103911194
10.1,250,250,2505,262.322986574748,65.5807466436869,71.2834202648771,200.234326586733,92,0,5.70267362119016
10.2,250,250,2510,262.846585350346,65.7116463375865,71.4257025408549,200.633995901278,92,0,5.71405620326838
10.3,250,250,2515,263.370184125944,65.8425460314861,71.5679848168327,201.033665215822,92,0,5.72543878534662
10.4,250,250,2520,263.893782901543,65.9734457253857,71.7102670928105,201.433334530367,92,0,5.73682136742484
10.5,250,250,2525,264.417381677141,66.1043454192852,71.8525493687883,201.833003844911,92,0,5.74820394950306
10.6,250,250,2530,264.940980452739,66.2352451131848,71.9948316447661,202.232673159455,92,0,5.75958653158128
10.7,250,250,2535,265.464579228338,66.3661448070844,72.1371139207439,202.632342474,92,0,5.77096911365951
10.8,250,250,2540,265.988178003936,66.4970445009839,72.2793961967217,203.032011788544,92,0,5.78235169573773
10.9,250,250,2545,266.511776779534,66.6279441948835,72.4216784726995,203.431681103088,92,0,5.79373427781595
11,250,250,2550,267.035375555132,66.7588438887831,72.5639607486773,203.831350417633,92,0,5.80511685989417
11.1,250,250,2555,267.558974330731,66.8897435826827,72.7062430246551,204.231019732177,92,0,5.81649944197241
11.2,250,250,2560,268.082573106329,67.0206432765822,72.8485253006329,204.630689046722,92,0,5.82788202405063
11.3,250,250,2565,268.606171881927,67.1515429704818,72.9908075766107,205.030358361266,92,0,5.83926460612885
11.4,250,250,2570,269.129770657526,67.2824426643814,73.1330898525885,205.43002767581,92,0,5.85064718820708
11.5,250,250,2575,269.653369433124,67.413342358281,73.2753721285663,205.829696990355,92,0,5.8620297702853
11.6,250,250,2580,270.176968208722,67.5442420521806,73.4176544045441,206.229366304899,92,0,5.87341235236352
11.7,250,250,2585,270.700566984321,67.6751417460801,73.5599366805219,206.629035619443,92,0,5.88479493444174
11.8,250,250,2590,271.224165759919,67.8060414399797,73.7022189564997,207.028704933988,92,0,5.89617751651997
11.9,250,250,2595,271.747764535517,67.9369411338793,73.8445012324775,207.428374248532,92,0,5.90756009859819
12,250,250,2600,272.271363311115,68.0678408277789,73.9867835084553,207.828043563077,92,0,5.91894268067642
12.1,250,250,2605,272.794962086714,68.1987405216784,74.1290657844331,208.227712877621,92,0,5.93032526275465
12.2,250,250,2610,273.318560862312,68.329640215578,74.2713480604109,208.627382192165,92,0,5.94170784483287
12.3,250,250,2615,273.84215963791,68.4605399094776,74.4136303363887,209.02705150671,92,0,5.95309042691109
12.4,250,250,2620,274.365758413509,68.5914396033772,74.5559126123665,209.426720821254,92,0,5.96447300898931
12.5,250,250,2625,274.889357189107,68.7223392972767,74.6981948883442,209.826390135798,92,0,5.97585559106753
12.6,250,250,2630,275.412955964705,68.8532389911763,74.8404771643221,210.226059450343,92,0,5.98723817314576
12.7,250,250,2635,275.936554740303,68.9841386850759,74.9827594402998,210.625728764887,92,0,5.99862075522398
12.8,250,250,2640,276.460153515902,69.1150383789754,75.1250417162777,211.025398079432,92,0,6.01000333730222
12.9,250,250,2645,276.9837522915,69.245938072875,75.2673239922555,211.425067393976,92,0,6.02138591938044
13,250,250,2650,277.507351067098,69.3768377667746,75.4096062682333,211.82473670852,92,0,6.03276850145866
13.1,250,250,2655,278.030949842697,69.5077374606742,75.5518885442111,212.224406023065,92,0,6.04415108353688
13.2,250,250,2660,278.554548618295,69.6386371545737,75.6941708201889,212.624075337609,92,0,6.0555336656151
13.3,250,250,2665,279.078147393893,69.7695368484733,75.8364530961667,213.023744652154,92,0,6.06691624769333
13.4,250,250,2670,279.601746169492,69.9004365423729,75.9787353721445,213.423413966698,92,0,6.07829882977155
13.5,250,250,2675,280.12534494509,70.0313362362725,76.1210176481222,213.823083281242,92,0,6.08968141184977
13.6,250,250,2680,280.648943720688,70.162235930172,76.2632999241,214.222752595787,92,0,6.10106399392799
13.7,250,250,2685,281.172542496286,70.2931356240716,76.4055822000778,214.622421910331,92,0,6.11244657600623
13.8,250,250,2690,281.696141271885,70.4240353179712,76.5478644760556,215.022091224875,92,0,6.12382915808445
13.9,250,250,2695,282.219740047483,70.5549350118708,76.6901467520334,215.42176053942,92,0,6.13521174016268
14,250,250,2700,282.743338823081,70.6858347057703,76.8324290280112,215.821429853964,92,0,6.1465943222409
14.1,250,250,2705,283.26693759868,70.8167343996699,76.974711303989,216.221099168509,92,0,6.15797690431912
14.2,250,250,2710,283.790536374278,70.9476340935695,77.1169935799668,216.620768483053,92,0,6.16935948639734
14.3,250,250,2715,284.314135149876,71.0785337874691,77.2592758559446,217.020437797597,92,0,6.18074206847556
14.4,250,250,2720,284.837733925475,71.2094334813686,77.4015581319224,217.420107112142,92,0,6.19212465055379
14.5,250,250,2725,285.361332701073,71.3403331752682,77.5438404079002,217.819776426686,92,0,6.20350723263202
14.6,250,250,2730,285.884931476671,71.4712328691678,77.686122683878,218.21944574123,92,0,6.21488981471024
14.7,250,250,2735,286.408530252269,71.6021325630674,77.8284049598558,218.619115055775,92,0,6.22627239678847
14.8,250,250,2740,286.932129027868,71.7330322569669,77.9706872358336,219.018784370319,92,0,6.23765497886669
14.9,250,250,2745,287.455727803466,71.8639319508665,78.1129695118114,219.418453684864,92,0,6.24903756094491
15,250,250,2750,287.979326579064,71.9948316447661,78.2552517877892,219.818122999408,92,0,6.26042014302313
15.1,250,250,2755,288.502925354663,72.1257313386657,78.397534063767,220.217792313952,92,0,6.27180272510136
15.2,250,250,2760,289.026524130261,72.2566310325653,78.5398163397448,220.617461628497,92,0,6.28318530717958
15.3,250,250,2765,289.550122905859,72.3875307264648,78.6820986157226,221.017130943041,92,0,6.2945678892578
15.4,250,250,2770,290.073721681458,72.5184304203644,78.8243808917004,221.416800257585,92,0,6.30595047133604
15.5,250,250,2775,290.597320457056,72.649330114264,78.9666631676782,221.81646957213,92,0,6.31733305341426
15.6,250,250,2780,291.120919232654,72.7802298081635,79.108945443656,222.216138886674,92,0,6.32871563549248
15.7,250,250,2785,291.644518008252,72.9111295020631,79.2512277196338,222.615808201219,92,0,6.3400982175707
15.8,250,250,2790,292.168116783851,73.0420291959627,79.3935099956116,223.015477515763,92,0,6.35148079964893
15.9,250,250,2795,292.691715559449,73.1729288898623,79.5357922715894,223.415146830307,92,0,6.36286338172715
16,250,250,2800,293.215314335047,73.3038285837618,79.6780745475672,223.814816144852,92,0,6.37424596380537
16.1,250,250,2805,293.738913110646,73.4347282776614,79.820356823545,224.214485459396,92,0,6.38562854588359
16.2,250,250,2810,294.262511886244,73.565627971561,79.9626390995228,224.614154773941,92,0,6.39701112796183
16.3,250,250,2815,294.786110661842,73.6965276654606,80.1049213755006,225.013824088485,92,0,6.40839371004005
16.4,250,250,2820,295.309709437441,73.8274273593601,80.2472036514784,225.413493403029,92,0,6.41977629211827
16.5,250,250,2825,295.833308213039,73.9583270532597,80.3894859274562,225.813162717574,92,0,6.4311588741965
16.6,250,250,2830,296.356906988637,74.0892267471593,80.531768203434,226.212832032118,92,0,6.44254145627472
16.7,250,250,2835,296.880505764235,74.2201264410589,80.6740504794118,226.612501346662,92,0,6.45392403835294
16.8,250,250,2840,297.404104539834,74.3510261349584,80.8163327553896,227.012170661207,92,0,6.46530662043116
16.9,250,250,2845,297.927703315432,74.481925828858,80.9586150313674,227.411839975751,92,0,6.47668920250938
17,250,250,2850,298.45130209103,74.6128255227576,81.1008973073452,227.811509290295,92,0,6.48807178458761
17.1,250,250,2855,298.974900866629,74.7437252166572,81.243179583323,228.21117860484,92,0,6.49945436666584
17.2,250,250,2860,299.498499642227,74.8746249105567,81.3854618593008,228.610847919384,92,0,6.51083694874406
17.3,250,250,2865,300.022098417825,75.0055246044563,81.5277441352786,229.010517233929,92,0,6.52221953082229
17.4,250,250,2870,300.545697193424,75.1364242983559,81.6700264112564,229.410186548473,92,0,6.53360211290051
17.5,250,250,2875,301.069295969022,75.2673239922555,81.8123086872342,229.809855863017,92,0,6.54498469497873
17.6,250,250,2880,301.59289474462,75.398223686155,81.954590963212,230.209525177562,92,0,6.55636727705695
17.7,250,250,2885,302.116493520218,75.5291233800546,82.0968732391898,230.609194492106,92,0,6.56774985913518
17.8,250,250,2890,302.640092295817,75.6600230739542,82.2391555151676,231.00886380665,92,0,6.5791324412134
17.9,250,250,2895,303.163691071415,75.7909227678538,82.3814377911454,231.408533121195,92,0,6.59051502329162
18,250,250,2900,303.687289847013,75.9218224617533,82.5237200671232,231.808202435739,92,0,6.60189760536986
18.1,250,250,2905,304.210888622612,76.0527221556529,82.666002343101,232.207871750284,92,0,6.61328018744808
18.2,250,250,2910,304.73448739821,76.1836218495525,82.8082846190788,232.607541064828,92,0,6.6246627695263
18.3,250,250,2915,305.258086173808,76.3145215434521,82.9505668950566,233.007210379372,92,0,6.63604535160452
18.4,250,250,2920,305.781684949407,76.4454212373516,83.0928491710344,233.406879693917,92,0,6.64742793368275
18.5,250,250,2925,306.305283725005,76.5763209312512,83.2351314470122,233.806549008461,92,0,6.65881051576097
18.6,250,250,2930,306.828882500603,76.7072206251508,83.37741372299,234.206218323006,92,0,6.67019309783919
18.7,250,250,2935,307.352481276201,76.8381203190504,83.5196959989678,234.60588763755,92,0,6.68157567991741
18.8,250,250,2940,307.8760800518,76.9690200129499,83.6619782749456,235.005556952094,92,0,6.69295826199565
18.9,250,250,2945,308.399678827398,77.0999197068495,83.8042605509234,235.405226266639,92,0,6.70434084407387
19,250,250,2950,308.923277602996,77.2308194007491,83.9465428269012,235.804895581183,92,0,6.71572342615209
19.1,250,250,2955,309.446876378595,77.3617190946486,84.088825102879,236.204564895727,92,0,6.72710600823032
19.2,250,250,2960,309.970475154193,77.4926187885482,84.2311073788568,236.604234210272,92,0,6.73848859030854
19.3,250,250,2965,310.494073929791,77.6235184824478,84.3733896548346,237.003903524816,92,0,6.74987117238676
19.4,250,250,2970,311.01767270539,77.7544181763474,84.5156719308124,237.403572839361,92,0,6.76125375446498
19.5,250,250,2975,311.541271480988,77.885317870247,84.6579542067902,237.803242153905,92,0,6.7726363365432
19.6,250,250,2980,312.064870256586,78.0162175641465,84.800236482768,238.202911468449,92,0,6.78401891862143
19.7,250,250,2985,312.588469032184,78.1471172580461,84.9425187587458,238.602580782994,92,0,6.79540150069966
19.8,250,250,2990,313.112067807783,78.2780169519457,85.0848010347236,239.002250097538,92,0,6.80678408277789
19.9,250,250,2995,313.635666583381,78.4089166458453,85.2270833107014,239.401919412082,92,0,6.81816666485611
20,395,395,3000,314.159265358979,124.092909816797,134.883597626953,378.88651018807,92,0,10.7906878101562
20.1,395,395,3040,318.348055563766,125.747481947687,136.682045595312,383.938330323911,92,0,10.934563647625
20.2,395,395,3080,322.536845768552,127.402054078578,138.480493563672,388.990150459752,92,0,11.0784394850938
20.3,395,395,3120,326.725635973339,129.056626209469,140.278941532031,394.041970595593,92,0,11.2223153225625
20.4,395,395,3160,330.914426178125,130.711198340359,142.077389500391,399.093790731434,92,0,11.3661911600312
20.5,395,395,3200,335.103216382911,132.36577047125,143.87583746875,404.145610867275,92,0,11.5100669975
20.6,395,395,3240,339.292006587698,134.020342602141,145.674285437109,409.197431003116,92,0,11.6539428349687
20.7,395,395,3280,343.480796792484,135.674914733031,147.472733405469,414.249251138957,92,0,11.7978186724375
20.8,395,395,3320,347.669586997271,137.329486863922,149.271181373828,419.301071274798,92,0,11.9416945099062
20.9,395,395,3360,351.858377202057,138.984058994812,151.069629342187,424.352891410639,92,0,12.085570347375
21,395,395,3400,356.047167406843,140.638631125703,152.868077310547,429.40471154648,92,0,12.2294461848438
21.1,395,395,3440,360.23595761163,142.293203256594,154.666525278906,434.456531682321,92,0,12.3733220223125
21.2,395,395,3480,364.424747816416,143.947775387484,156.464973247266,439.508351818162,92,0,12.5171978597812
21.3,395,395,3520,368.613538021202,145.602347518375,158.263421215625,444.560171954003,92,0,12.66107369725
21.4,395,395,3560,372.802328225989,147.256919649266,160.061869183984,449.611992089844,92,0,12.8049495347187
21.5,395,395,3600,376.991118430775,148.911491780156,161.860317152344,454.663812225684,92,0,12.9488253721875
21.6,395,393.514969183258,3640,381.179908635562,150,163.04347826087,457.987298485589,92,0,13.0434782608696
21.7,395,389.2376325617,3680,385.368698840348,150,163.04347826087,457.987298485589,92,0,13.0434782608696
21.8,395,385.05228167394,3720,389.557489045134,150,163.04347826087,457.987298485589,92,0,13.0434782608696
21.9,395,380.955980805069,3760,393.746279249921,150,163.04347826087,457.987298485589,92,0,13.0434782608696
22,395,376.945917849226,3800,397.935069454707,150,163.04347826087,457.987298485589,92,0,13.0434782608696
22.1,395,373.01939787163,3840,402.123859659494,150,163.04347826087,457.987298485589,92,0,13.0434782608696
22.2,395,369.173837068829,3880,406.31264986428,150,163.04347826087,457.987298485589,92,0,13.0434782608696
22.3,395,365.406757098739,3920,410.501440069066,150,163.04347826087,457.987298485589,92,0,13.0434782608696
22.4,395,361.715779754308,3960,414.690230273853,150,163.04347826087,457.987298485589,92,0,13.0434782608696
22.5,395,358.098621956765,4000,418.879020478639,150,163.04347826087,457.987298485589,92,0,13.0434782608696
22.6,395,354.553091046301,4040,423.067810683426,150,163.04347826087,457.987298485589,92,0,13.0434782608696
22.7,395,351.077080349769,4080,427.256600888212,150,163.04347826087,457.987298485589,92,0,13.0434782608696
22.8,395,347.668565006568,4120,431.445391092998,150,163.04347826087,457.987298485589,92,0,13.0434782608696
22.9,395,344.32559803535,4160,435.634181297785,150,163.04347826087,457.987298485589,92,0,13.0434782608696
23,395,341.04630662549,4200,439.822971502571,150,163.04347826087,457.987298485589,92,0,13.0434782608696
23.1,395,337.828888638457,4240,444.011761707357,150,163.04347826087,457.987298485589,92,0,13.0434782608696
23.2,395,334.671609305387,4280,448.200551912144,150,163.04347826087,457.987298485589,92,0,13.0434782608696
23.3,395,331.572798108115,4320,452.38934211693,150,163.04347826087,457.987298485589,92,0,13.0434782608696
23.4,395,328.530845831894,4360,456.578132321717,150,163.04347826087,457.987298485589,92,0,13.0434782608696
23.5,395,325.544201778877,4400,460.766922526503,150,163.04347826087,457.987298485589,92,0,13.0434782608696
23.6,395,322.61137113222,4440,464.955712731289,150,163.04347826087,457.987298485589,92,0,13.0434782608696
23.7,395,319.730912461397,4480,469.144502936076,150,163.04347826087,457.987298485589,92,0,13.0434782608696
23.8,395,316.901435359969,4520,473.333293140862,150,163.04347826087,457.987298485589,92,0,13.0434782608696
23.9,395,314.121598207688,4560,477.522083345649,150,163.04347826087,457.987298485589,92,0,13.0434782608696
24,395,311.39010604936,4600,481.710873550435,150,163.04347826087,457.987298485589,92,0,13.0434782608696
24.1,395,308.705708583418,4640,485.899663755221,150,163.04347826087,457.987298485589,92,0,13.0434782608696
24.2,395,306.067198253645,4680,490.088453960008,150,163.04347826087,457.987298485589,92,0,13.0434782608696
24.3,395,303.473408437936,4720,494.277244164794,150,163.04347826087,457.987298485589,92,0,13.0434782608696
24.4,395,300.923211728373,4760,498.466034369581,150,163.04347826087,457.987298485589,92,0,13.0434782608696
24.5,395,298.415518297304,4800,502.654824574367,150,163.04347826087,457.987298485589,92,0,13.0434782608696
24.6,395,295.949274344433,4840,506.843614779153,150,163.04347826087,457.987298485589,92,0,13.0434782608696
24.7,395,293.523460620299,4880,511.03240498394,150,163.04347826087,457.987298485589,92,0,13.0434782608696
24.8,395,291.13709102176,4920,515.221195188726,150,163.04347826087,457.987298485589,92,0,13.0434782608696
24.9,395,288.789211255455,4960,519.409985393513,150,163.04347826087,457.987298485589,92,0,13.0434782608696
25,395,286.478897565412,5000,523.598775598299,150,163.04347826087,457.987298485589,92,0,13.0434782608696
25.1,395,284.205255521242,5040,527.787565803085,150,163.04347826087,457.987298485589,92,0,13.0434782608696
25.2,395,281.967418863594,5080,531.976356007872,150,163.04347826087,457.987298485589,92,0,13.0434782608696
25.3,395,279.764548403722,5120,536.165146212658,150,163.04347826087,457.987298485589,92,0,13.0434782608696
25.4,395,277.595830974236,5160,540.353936417445,150,163.04347826087,457.987298485589,92,0,13.0434782608696
25.5,395,275.46047842828,5200,544.542726622231,150,163.04347826087,457.987298485589,92,0,13.0434782608696
25.6,395,273.357726684553,5240,548.731516827017,150,163.04347826087,457.987298485589,92,0,13.0434782608696
25.7,395,271.286834815731,5280,552.920307031804,150,163.04347826087,457.987298485589,92,0,13.0434782608696
25.8,395,269.247084178018,5320,557.10909723659,150,163.04347826087,457.987298485589,92,0,13.0434782608696
25.9,395,267.237777579675,5360,561.297887441376,150,163.04347826087,457.987298485589,92,0,13.0434782608696
26,395,265.258238486492,5400,565.486677646163,150,163.04347826087,457.987298485589,92,0,13.0434782608696
26.1,395,263.307810262327,5440,569.675467850949,150,163.04347826087,457.987298485589,92,0,13.0434782608696
26.2,395,261.385855442894,5480,573.864258055736,150,163.04347826087,457.987298485589,92,0,13.0434782608696
26.3,395,259.491755041134,5520,578.053048260522,150,163.04347826087,457.987298485589,92,0,13.0434782608696
26.4,395,257.624907882564,5560,582.241838465308,150,163.04347826087,457.987298485589,92,0,13.0434782608696
26.5,395,255.784729969118,5600,586.430628670095,150,163.04347826087,457.987298485589,92,0,13.0434782608696
26.6,395,253.970653870046,5640,590.619418874881,150,163.04347826087,457.987298485589,92,0,13.0434782608696
26.7,395,252.182128138567,5680,594.808209079668,150,163.04347826087,457.987298485589,92,0,13.0434782608696
26.8,395,250.418616752982,5720,598.996999284454,150,163.04347826087,457.987298485589,92,0,13.0434782608696
26.9,395,248.679598581086,5760,603.18578948924,150,163.04347826087,457.987298485589,92,0,13.0434782608696
27,395,246.964566866734,5800,607.374579694027,150,163.04347826087,457.987298485589,92,0,13.0434782608696
27.1,395,245.27302873751,5840,611.563369898813,150,163.04347826087,457.987298485589,92,0,13.0434782608696
27.2,395,243.604504732493,5880,615.7521601036,150,163.04347826087,457.987298485589,92,0,13.0434782608696
27.3,395,241.958528349165,5920,619.940950308386,150,163.04347826087,457.987298485589,92,0,13.0434782608696
27.4,395,240.334645608567,5960,624.129740513172,150,163.04347826087,457.987298485589,92,0,13.0434782608696
27.5,395,238.732414637843,6000,628.318530717959,150,163.04347826087,457.987298485589,92,0,13.0434782608696
27.6,395,237.15140526938,6040,632.507320922745,150,163.04347826087,457.987298485589,92,0,13.0434782608696
27.7,395,235.591198655766,6080,636.696111127532,150,163.04347826087,457.987298485589,92,0,13.0434782608696
27.8,395,234.051386899846,6120,640.884901332318,150,163.04347826087,457.987298485589,92,0,13.0434782608696
27.9,395,232.531572699198,6160,645.073691537104,150,163.04347826087,457.987298485589,92,0,13.0434782608696
28,395,231.031369004364,6200,649.262481741891,150,163.04347826087,457.987298485589,92,0,13.0434782608696
28.1,395,229.550398690234,6240,653.451271946677,150,163.04347826087,457.987298485589,92,0,13.0434782608696
28.2,395,228.088294239977,6280,657.640062151463,150,163.04347826087,457.987298485589,92,0,13.0434782608696
28.3,395,226.64469744099,6320,661.82885235625,150,163.04347826087,457.987298485589,92,0,13.0434782608696
28.4,395,225.219259092305,6360,666.017642561036,150,163.04347826087,457.987298485589,92,0,13.0434782608696
28.5,395,223.811638722978,6400,670.206432765823,150,163.04347826087,457.987298485589,92,0,13.0434782608696
28.6,395,222.421504320972,6440,674.395222970609,150,163.04347826087,457.987298485589,92,0,13.0434782608696
28.7,395,221.048532072077,6480,678.584013175395,150,163.04347826087,457.987298485589,92,0,13.0434782608696
28.8,395,219.692406108444,6520,682.772803380182,150,163.04347826087,457.987298485589,92,0,13.0434782608696
28.9,395,218.35281826632,6560,686.961593584968,150,163.04347826087,457.987298485589,92,0,13.0434782608696
29,395,217.029467852585,6600,691.150383789755,150,163.04347826087,457.987298485589,92,0,13.0434782608696
29.1,395,215.722061419738,6640,695.339173994541,150,163.04347826087,457.987298485589,92,0,13.0434782608696
29.2,395,214.430312548961,6680,699.527964199327,150,163.04347826087,457.987298485589,92,0,13.0434782608696
29.3,395,213.153941640931,6720,703.716754404114,150,163.04347826087,457.987298485589,92,0,13.0434782608696
29.4,395,211.892675714062,6760,707.9055446089,150,163.04347826087,457.987298485589,92,0,13.0434782608696
29.5,395,210.646248209862,6800,712.094334813686,150,163.04347826087,457.987298485589,92,0,13.0434782608696
29.6,395,209.414398805125,6840,716.283125018473,150,163.04347826087,457.987298485589,92,0,13.0434782608696
29.7,395,208.196873230677,6880,720.471915223259,150,163.04347826087,457.987298485589,92,0,13.0434782608696
29.8,395,206.993423096396,6920,724.660705428046,150,163.04347826087,457.987298485589,92,0,13.0434782608696
29.9,395,205.803805722278,6960,728.849495632832,150,163.04347826087,457.987298485589,92,0,13.0434782608696
30,395,204.627783975294,7000,733.038285837618,150,163.04347826087,457.987298485589,92,0,13.0434782608696
30.1,391.05,204.335875581606,7010,734.085483388815,150,163.04347826087,457.987298485589,92,0,13.0434782608696
30.2,387.1,204.044798835763,7020,735.132680940011,150,163.04347826087,457.987298485589,92,0,13.0434782608696
30.3,383.15,203.754550188771,7030,736.179878491208,150,163.04347826087,457.987298485589,92,0,13.0434782608696
30.4,379.2,203.465126111798,7040,737.227076042405,150,163.04347826087,457.987298485589,92,0,13.0434782608696
30.5,375.25,203.176523096037,7050,738.274273593601,150,163.04347826087,457.987298485589,92,0,13.0434782608696
30.6,371.3,202.888737652558,7060,739.321471144798,150,163.04347826087,457.987298485589,92,0,13.0434782608696
30.7,367.35,202.601766312172,7070,740.368668695995,150,163.04347826087,457.987298485589,92,0,13.0434782608696
30.8,363.4,202.315605625291,7080,741.415866247191,150,163.04347826087,457.987298485589,92,0,13.0434782608696
30.9,359.45,202.030252161785,7090,742.463063798388,150,163.04347826087,457.987298485589,92,0,13.0434782608696
31,355.5,201.745702510853,7100,743.510261349584,150,163.04347826087,457.987298485589,92,0,13.0434782608696
31.1,351.55,201.46195328088,7110,744.557458900781,150,163.04347826087,457.987298485589,92,0,13.0434782608696
31.2,347.6,201.179001099306,7120,745.604656451978,150,163.04347826087,457.987298485589,92,0,13.0434782608696
31.3,343.65,200.896842612491,7130,746.651854003174,150,163.04347826087,457.987298485589,92,0,13.0434782608696
31.4,339.7,200.615474485582,7140,747.699051554371,150,163.04347826087,457.987298485589,92,0,13.0434782608696
31.5,335.75,200.334893402386,7150,748.746249105567,150,163.04347826087,457.987298485589,92,0,13.0434782608696
31.6,331.8,200.055096065232,7160,749.793446656764,150,163.04347826087,457.987298485589,92,0,13.0434782608696
31.7,327.85,199.776079194848,7170,750.840644207961,150,163.04347826087,457.987298485589,92,0,13.0434782608696
31.8,323.9,199.497839530231,7180,751.887841759157,150,163.04347826087,457.987298485589,92,0,13.0434782608696
31.9,319.95,199.22037382852,7190,752.935039310354,150,163.04347826087,457.987298485589,92,0,13.0434782608696
32,316,198.943678864869,7200,753.98223686155,150,163.04347826087,457.987298485589,92,0,13.0434782608696
32.1,312.05,198.667751432324,7210,755.029434412747,150,163.04347826087,457.987298485589,92,0,13.0434782608696
32.2,308.1,198.392588341698,7220,756.076631963944,150,163.04347826087,457.987298485589,92,0,13.0434782608696
32.3,304.15,198.118186421446,7230,757.12382951514,150,163.04347826087,457.987298485589,92,0,13.0434782608696
32.4,300.2,197.844542517549,7240,758.171027066337,150,163.04347826087,457.987298485589,92,0,13.0434782608696
32.5,296.25,197.571653493387,7250,759.218224617533,150,163.04347826087,457.987298485589,92,0,13.0434782608696
32.6,292.3,197.299516229622,7260,760.26542216873,150,163.04347826087,457.987298485589,92,0,13.0434782608696
32.7,288.35,197.02812762408,7270,761.312619719927,150,163.04347826087,457.987298485589,92,0,13.0434782608696
32.8,284.4,196.757484591629,7280,762.359817271123,150,163.04347826087,457.987298485589,92,0,13.0434782608696
32.9,280.45,196.487584064068,7290,763.40701482232,150,163.04347826087,457.987298485589,92,0,13.0434782608696
33,276.5,196.218422990008,7300,764.454212373516,150,163.04347826087,457.987298485589,92,0,13.0434782608696
33.1,272.55,195.949998334755,7310,765.501409924713,150,163.04347826087,457.987298485589,92,0,13.0434782608696
33.2,268.6,195.682307080199,7320,766.54860747591,150,163.04347826087,457.987298485589,92,0,13.0434782608696
33.3,264.65,195.415346224701,7330,767.595805027106,150,163.04347826087,457.987298485589,92,0,13.0434782608696
33.4,260.7,195.149112782978,7340,768.643002578303,150,163.04347826087,457.987298485589,92,0,13.0434782608696
33.5,256.75,194.883603785994,7350,769.690200129499,150,163.04347826087,457.987298485589,92,0,13.0434782608696
33.6,252.8,194.61881628085,7360,770.737397680696,150,163.04347826087,457.987298485589,92,0,13.0434782608696
33.7,248.85,194.354747330673,7370,771.784595231893,150,163.04347826087,457.987298485589,92,0,13.0434782608696
33.8,244.9,194.091394014507,7380,772.831792783089,150,163.04347826087,457.987298485589,92,0,13.0434782608696
33.9,240.95,193.828753427207,7390,773.878990334286,150,163.04347826087,457.987298485589,92,0,13.0434782608696
34,237,193.566822679332,7400,774.926187885482,150,163.04347826087,457.987298485589,92,0,13.0434782608696
34.1,233.05,193.305598897039,7410,775.973385436679,150,163.04347826087,457.987298485589,92,0,13.0434782608696
34.2,229.1,193.045079221975,7420,777.020582987876,150,163.04347826087,457.987298485589,92,0,13.0434782608696
34.3,225.15,192.785260811179,7430,778.067780539072,150,163.04347826087,457.987298485589,92,0,13.0434782608696
34.4,221.2,192.52614083697,7440,779.114978090269,150,163.04347826087,457.987298485589,92,0,13.0434782608696
34.5,217.25,192.267716486853,7450,780.162175641465,150,163.04347826087,457.987298485589,92,0,13.0434782608696
34.6,213.3,192.009984963413,7460,781.209373192662,150,163.04347826087,457.987298485589,92,0,13.0434782608696
34.7,209.35,191.752943484211,7470,782.256570743859,150,163.04347826087,457.987298485589,92,0,13.0434782608696
34.8,205.4,191.496589281692,7480,783.303768295055,150,163.04347826087,457.987298485589,92,0,13.0434782608696
34.9,201.45,191.240919603079,7490,784.350965846252,150,163.04347826087,457.987298485589,92,0,13.0434782608696
35,197.5,190.985931710274,7500,785.398163397448,150,163.04347826087,457.987298485589,92,0,13.0434782608696
35.1,193.55,190.731622879768,7510,786.445360948645,150,163.04347826087,457.987298485589,92,0,13.0434782608696
35.2,189.6,189.6,7520,787.492558499841,149.30858909157,162.29194466475,455.876249058286,92,0,12.98335557318
35.3,185.65,185.65,7530,788.539756051038,146.392405710875,159.122180120517,446.972416068867,92,0,12.7297744096413
35.4,181.7,181.7,7540,789.586953602235,143.467949469526,155.943423336441,438.043323978768,92,0,12.4754738669153
35.5,177.75,177.75,7550,790.634151153431,140.535220367522,152.755674312524,429.08897278799,92,0,12.2204539450019
35.6,173.8,173.8,7560,791.681348704628,137.594218404865,149.558933048766,420.109362496533,92,0,11.9647146439012
35.7,169.85,169.85,7570,792.728546255824,134.644943581552,146.353199545165,411.104493104396,92,0,11.7082559636132
35.8,165.9,165.9,7580,793.775743807021,131.687395897585,143.138473801723,402.074364611581,92,0,11.4510779041378
35.9,161.95,161.95,7590,794.822941358218,128.721575352963,139.914755818438,393.018977018086,92,0,11.1931804654751
36,158,158,7600,795.870138909414,125.747481947687,136.682045595312,383.938330323911,92,0,10.934563647625
36.1,154.05,154.05,7610,796.917336460611,122.765115681757,133.440343132345,374.832424529059,92,0,10.6752274505876
36.2,150.1,150.1,7620,797.964534011807,119.774476555172,130.189648429535,365.701259633525,92,0,10.4151718743628
36.3,146.15,146.15,7630,799.011731563004,116.775564567933,126.929961486884,356.544835637314,92,0,10.1543969189507
36.4,142.2,142.2,7640,800.058929114201,113.768379720039,123.661282304391,347.363152540423,92,0,9.89290258435125
36.5,138.25,138.25,7650,801.106126665397,110.752922011491,120.383610882056,338.156210342853,92,0,9.63068887056444
36.6,134.3,134.3,7660,802.153324216594,107.729191442289,117.096947219879,328.924009044604,92,0,9.36775577759033
36.7,130.35,130.35,7670,803.20052176779,104.697188012431,113.80129131786,319.666548645675,92,0,9.10410330542881
36.8,126.4,126.4,7680,804.247719318987,101.65691172192,110.496643176,310.383829146068,92,0,8.83973145408
36.9,122.45,122.45,7690,805.294916870184,98.608362570754,107.183002794298,301.07585054578,92,0,8.57464022354383
37,118.5,118.5,7700,806.34211442138,95.5515405589336,103.860370172754,291.742612844814,92,0,8.3088296138203
37.1,114.55,114.55,7710,807.389311972577,92.4864456864589,100.528745311368,282.384116043169,92,0,8.04229962490946
37.2,110.6,110.6,7720,808.436509523773,89.4130779533293,97.1881282101405,273.000360140844,92,0,7.77505025681124
37.3,106.65,106.65,7730,809.48370707497,86.3314373595456,93.8385188690713,263.591345137841,92,0,7.5070815095257
37.4,102.7,102.7,7740,810.530904626167,83.2415239051073,90.4799172881602,254.157071034158,92,0,7.23839338305281
37.5,98.75,98.75,7750,811.578102177363,80.1433375900146,87.1123234674072,244.697537829795,92,0,6.96898587739257
37.6,94.8000000000002,94.8000000000002,7760,812.62529972856,77.0368784142676,83.7357374068126,235.212745524755,92,0,6.69885899254501
37.7,90.8499999999999,90.8499999999999,7770,813.672497279756,73.9221463778658,80.3501591063759,225.702694119033,92,0,6.42801272851006
37.8,86.9000000000001,86.9000000000001,7780,814.719694830953,70.7991414808099,76.9555885660977,216.167383612634,92,0,6.15644708528782
37.9,82.95,82.95,7790,815.76689238215,67.6678637230993,73.5520257859775,206.606814005555,92,0,5.8841620628782
38,79,79,7800,816.814089933346,64.5283131047344,70.1394707660156,197.020985297797,92,0,5.61115766128124
38.1,75.0500000000002,75.0500000000002,7810,817.861287484543,61.3804896257151,66.7179235062121,187.40989748936,92,0,5.33743388049696
38.2,71.0999999999999,71.0999999999999,7820,818.908485035739,58.224393286041,63.2873840065663,177.773550580242,92,0,5.0629907205253
38.3,67.1500000000001,67.1500000000001,7830,819.955682586936,55.0600240857128,59.8478522670792,168.111944570447,92,0,4.78782818136633
38.4,63.2,63.2,7840,821.002880138133,51.88738202473,56.39932828775,158.425079459972,92,0,4.51194626302
38.5,59.25,59.25,7850,822.050077689329,48.7064671030928,52.9418120685791,148.712955248818,92,0,4.23534496548632
38.6,55.3000000000002,55.3000000000002,7860,823.097275240526,45.5172793208013,49.4753036095666,138.975571936985,92,0,3.95802428876532
38.7,51.3499999999999,51.3499999999999,7870,824.144472791722,42.3198186778549,45.9998029107118,129.212929524471,92,0,3.67998423285694
38.8,47.4000000000001,47.4000000000001,7880,825.191670342919,39.1140851742544,42.5153099720157,119.42502801128,92,0,3.40122479776125
38.9,43.45,43.45,7890,826.238867894116,35.9000788099994,39.0218247934776,109.611867397409,92,0,3.12174598347821
39,39.5,39.5,7900,827.286065445312,32.6777995850898,35.5193473750976,99.7734476828585,92,0,2.84154779000781
39.1,35.5500000000002,35.5500000000002,7910,828.333262996509,29.4472474995261,32.0078777168762,89.9097688676297,92,0,2.56063021735009
39.2,31.5999999999999,31.5999999999999,7920,829.380460547705,26.2084225533074,28.4874158188124,80.0208309517203,92,0,2.27899326550499
39.3,27.6500000000001,27.6500000000001,7930,830.427658098902,22.9613247464347,24.9579616809073,70.1066339351329,92,0,1.99663693447258
39.4,23.7,23.7,7940,831.474855650099,19.7059540789074,21.4195153031602,60.1671778178657,92,0,1.71356122425282
39.5,19.75,19.75,7950,832.522053201295,16.4423105507256,17.8720766855713,50.2024625999193,92,0,1.4297661348457
39.6,15.8000000000002,15.8000000000002,7960,833.569250752492,13.1703941618896,14.3156458281408,40.2124882812945,92,0,1.14525166625127
39.7,11.8499999999999,11.8499999999999,7970,834.616448303688,9.89020491239863,10.7502227308681,30.197254861989,92,0,0.860017818469445
39.8,7.90000000000009,7.90000000000009,7980,835.663645854885,6.60174280225367,7.17580739375399,20.1567623420056,92,0,0.574064591500319
39.9,3.95000000000005,3.95000000000005,7990,836.710843406081,3.30500783145406,3.59239981679789,10.0910107213424,92,0,0.287391985343831
40,0,0,8000,837.758040957278,0,0,0,NaN,-0,0
40.1,0,0,8000,837.758040957278,0,0,0,NaN,-0,0
40.2,0,0,8000,837.758040957278,0,0,0,NaN,-0,0
40.3,0,0,8000,837.758040957278,0,0,0,NaN,-0,0
40.4,0,0,8000,837.758040957278,0,0,0,NaN,-0,0
40.5,0,0,8000,837.758040957278,0,0,0,NaN,-0,0
40.6,0,0,8000,837.758040957278,0,0,0,NaN,-0,0
40.7,0,0,8000,837.758040957278,0,0,0,NaN,-0,0
40.8,0,0,8000,837.758040957278,0,0,0,NaN,-0,0
40.9,0,0,8000,837.758040957278,0,0,0,NaN,-0,0
41,0,0,8000,837.758040957278,0,0,0,NaN,-0,0
41.1,0,0,8000,837.758040957278,0,0,0,NaN,-0,0
41.2,0,0,8000,837.758040957278,0,0,0,NaN,-0,0
41.3,0,0,8000,837.758040957278,0,0,0,NaN,-0,0
41.4,0,0,8000,837.758040957278,0,0,0,NaN,-0,0
41.5,0,0,8000,837.758040957278,0,0,0,NaN,-0,0
41.6,0,0,8000,837.758040957278,0,0,0,NaN,-0,0
41.7,0,0,8000,837.758040957278,0,0,0,NaN,-0,0
41.8,0,0,8000,837.758040957278,0,0,0,NaN,-0,0
41.9,0,0,8000,837.758040957278,0,0,0,NaN,-0,0
42,0,0,8000,837.758040957278,0,0,0,NaN,-0,0
42.1,0,0,8000,837.758040957278,0,0,0,NaN,-0,0
42.2,0,0,8000,837.758040957278,0,0,0,NaN,-0,0
42.3,0,0,8000,837.758040957278,0,0,0,NaN,-0,0
42.4,0,0,8000,837.758040957278,0,0,0,NaN,-0,0
42.5,0,0,8000,837.758040957278,0,0,0,NaN,-0,0
42.6,0,0,8000,837.758040957278,0,0,0,NaN,-0,0
42.7,0,0,8000,837.758040957278,0,0,0,NaN,-0,0
42.8,0,0,8000,837.758040957278,0,0,0,NaN,-0,0
42.9,0,0,8000,837.758040957278,0,0,0,NaN,-0,0
43,0,0,8000,837.758040957278,0,0,0,NaN,-0,0
43.1,0,0,8000,837.758040957278,0,0,0,NaN,-0,0
43.2,0,0,8000,837.758040957278,0,0,0,NaN,-0,0
43.3,0,0,8000,837.758040957278,0,0,0,NaN,-0,0
43.4,0,0,8000,837.758040957278,0,0,0,NaN,-0,0
43.5,0,0,8000,837.758040957278,0,0,0,NaN,-0,0
43.6,0,0,8000,837.758040957278,0,0,0,NaN,-0,0
43.7,0,0,8000,837.758040957278,0,0,0,NaN,-0,0
43.8,0,0,8000,837.758040957278,0,0,0,NaN,-0,0
43.9,0,0,8000,837.758040957278,0,0,0,NaN,-0,0
44,0,0,8000,837.758040957278,0,0,0,NaN,-0,0
44.1,0,0,8000,837.758040957278,0,0,0,NaN,-0,0
44.2,0,0,8000,837.758040957278,0,0,0,NaN,-0,0
44.3,0,0,8000,837.758040957278,0,0,0,NaN,-0,0
44.4,0,0,8000,837.758040957278,0,0,0,NaN,-0,0
44.5,0,0,8000,837.758040957278,0,0,0,NaN,-0,0
44.6,0,0,8000,837.758040957278,0,0,0,NaN,-0,0
44.7,0,0,8000,837.758040957278,0,0,0,NaN,-0,0
44.8,0,0,8000,837.758040957278,0,0,0,NaN,-0,0
44.9,0,0,8000,837.758040957278,0,0,0,NaN,-0,0
45,-180,-179.049310978382,8000,837.758040957278,-150,-132,-370.786516853933,88,132,18
45.1,-180,-180,7940,831.474855650098,-149.665474017018,-131.705617134976,-369.959598693752,88,131.705617134976,17.9598568820421
45.2,-180,-180,7880,825.191670342919,-148.534500661725,-130.710360582318,-367.163934219995,88,130.710360582318,17.8241400794071
45.3,-180,-180,7820,818.90848503574,-147.403527306433,-129.715104029661,-364.368269746239,88,129.715104029661,17.688423276772
45.4,-180,-180,7760,812.62529972856,-146.272553951141,-128.719847477004,-361.572605272483,88,128.719847477004,17.5527064741369
45.5,-180,-180,7700,806.34211442138,-145.141580595848,-127.724590924347,-358.776940798727,88,127.724590924347,17.4169896715018
45.6,-180,-180,7640,800.058929114201,-144.010607240556,-126.729334371689,-355.98127632497,88,126.729334371689,17.2812728688667
45.7,-180,-180,7580,793.775743807021,-142.879633885264,-125.734077819032,-353.185611851214,88,125.734077819032,17.1455560662317
45.8,-180,-180,7520,787.492558499842,-141.748660529971,-124.738821266375,-350.389947377458,88,124.738821266375,17.0098392635966
45.9,-180,-180,7460,781.209373192662,-140.617687174679,-123.743564713718,-347.594282903701,88,123.743564713718,16.8741224609615
46,-180,-180,7400,774.926187885482,-139.486713819387,-122.74830816106,-344.798618429945,88,122.74830816106,16.7384056583264
46.1,-180,-180,7340,768.643002578303,-138.355740464094,-121.753051608403,-342.002953956189,88,121.753051608403,16.6026888556913
46.2,-180,-180,7280,762.359817271123,-137.224767108802,-120.757795055746,-339.207289482432,88,120.757795055746,16.4669720530562
46.3,-180,-180,7220,756.076631963944,-136.09379375351,-119.762538503089,-336.411625008676,88,119.762538503089,16.3312552504212
46.4,-180,-180,7160,749.793446656764,-134.962820398218,-118.767281950431,-333.61596053492,88,118.767281950431,16.1955384477861
46.5,-180,-180,7100,743.510261349584,-133.831847042925,-117.772025397774,-330.820296061163,88,117.772025397774,16.059821645151
46.6,-180,-180,7040,737.227076042405,-132.700873687633,-116.776768845117,-328.024631587407,88,116.776768845117,15.9241048425159
46.7,-180,-180,6980,730.943890735225,-131.56990033234,-115.78151229246,-325.228967113651,88,115.78151229246,15.7883880398809
46.8,-180,-180,6920,724.660705428046,-130.438926977048,-114.786255739802,-322.433302639895,88,114.786255739802,15.6526712372458
46.9,-180,-180,6860,718.377520120866,-129.307953621756,-113.790999187145,-319.637638166138,88,113.790999187145,15.5169544346107
47,-180,-180,6800,712.094334813686,-128.176980266464,-112.795742634488,-316.841973692382,88,112.795742634488,15.3812376319756
47.1,-180,-180,6740,705.811149506507,-127.046006911171,-111.800486081831,-314.046309218625,88,111.800486081831,15.2455208293405
47.2,-180,-180,6680,699.527964199327,-125.915033555879,-110.805229529173,-311.250644744869,88,110.805229529173,15.1098040267055
47.3,-180,-180,6620,693.244778892148,-124.784060200587,-109.809972976516,-308.454980271113,88,109.809972976516,14.9740872240704
47.4,-180,-180,6560,686.961593584968,-123.653086845294,-108.814716423859,-305.659315797357,88,108.814716423859,14.8383704214353
47.5,-180,-180,6500,680.678408277789,-122.522113490002,-107.819459871202,-302.8636513236,88,107.819459871202,14.7026536188002
47.6,-180,-180,6440,674.395222970609,-121.39114013471,-106.824203318544,-300.067986849844,88,106.824203318544,14.5669368161652
47.7,-180,-180,6380,668.112037663429,-120.260166779417,-105.828946765887,-297.272322376088,88,105.828946765887,14.4312200135301
47.8,-180,-180,6320,661.82885235625,-119.129193424125,-104.83369021323,-294.476657902331,88,104.83369021323,14.295503210895
47.9,-180,-180,6260,655.54566704907,-117.998220068833,-103.838433660573,-291.680993428575,88,103.838433660573,14.1597864082599
48,-180,-180,6200,649.262481741891,-116.86724671354,-102.843177107915,-288.885328954819,88,102.843177107915,14.0240696056248
48.1,-180,-180,6140,642.979296434711,-115.736273358248,-101.847920555258,-286.089664481062,88,101.847920555258,13.8883528029898
48.2,-180,-180,6080,636.696111127531,-114.605300002956,-100.852664002601,-283.294000007306,88,100.852664002601,13.7526360003547
48.3,-180,-180,6020,630.412925820352,-113.474326647663,-99.8574074499438,-280.49833553355,88,99.8574074499438,13.6169191977196
48.4,-180,-180,5960,624.129740513172,-112.343353292371,-98.8621508972865,-277.702671059793,88,98.8621508972865,13.4812023950845
48.5,-180,-180,5900,617.846555205993,-111.212379937079,-97.8668943446292,-274.907006586037,88,97.8668943446292,13.3454855924494
48.6,-180,-180,5840,611.563369898813,-110.081406581786,-96.871637791972,-272.111342112281,88,96.871637791972,13.2097687898144
48.7,-180,-180,5780,605.280184591633,-108.950433226494,-95.8763812393147,-269.315677638524,88,95.8763812393147,13.0740519871793
48.8,-180,-180,5720,598.996999284454,-107.819459871202,-94.8811246866575,-266.520013164768,88,94.8811246866575,12.9383351845442
48.9,-180,-180,5660,592.713813977274,-106.688486515909,-93.8858681340003,-263.724348691012,88,93.8858681340003,12.8026183819091
49,-180,-180,5600,586.430628670095,-105.557513160617,-92.890611581343,-260.928684217256,88,92.890611581343,12.666901579274
49.1,-180,-180,5540,580.147443362915,-104.426539805325,-91.8953550286857,-258.133019743499,88,91.8953550286857,12.531184776639
49.2,-180,-180,5480,573.864258055735,-103.295566450032,-90.9000984760285,-255.337355269743,88,90.9000984760285,12.3954679740039
49.3,-180,-180,5420,567.581072748556,-102.16459309474,-89.9048419233713,-252.541690795987,88,89.9048419233713,12.2597511713688
49.4,-180,-180,5360,561.297887441376,-101.033619739448,-88.909585370714,-249.74602632223,88,88.909585370714,12.1240343687337
49.5,-180,-180,5300,555.014702134197,-99.9026463841554,-87.9143288180568,-246.950361848474,88,87.9143288180568,11.9883175660986
49.6,-180,-180,5240,548.731516827017,-98.7716730288631,-86.9190722653995,-244.154697374718,88,86.9190722653995,11.8526007634636
49.7,-180,-180,5180,542.448331519837,-97.6406996735707,-85.9238157127422,-241.359032900961,88,85.9238157127422,11.7168839608285
49.8,-180,-180,5120,536.165146212658,-96.5097263182785,-84.9285591600851,-238.563368427205,88,84.9285591600851,11.5811671581934
49.9,-180,-180,5060,529.881960905479,-95.3787529629861,-83.9333026074278,-235.767703953449,88,83.9333026074278,11.4454503555583
50,-180,-180,5000,523.598775598299,-94.2477796076938,-82.9380460547705,-232.972039479693,88,82.9380460547705,11.3097335529233
50.1,-180,-180,4940,517.315590291119,-93.1168062524015,-81.9427895021133,-230.176375005936,88,81.9427895021133,11.1740167502882
50.2,-180,-180,4880,511.032404983939,-91.9858328971091,-80.947532949456,-227.38071053218,88,80.947532949456,11.0382999476531
50.3,-180,-180,4820,504.74921967676,-90.8548595418169,-79.9522763967988,-224.585046058424,88,79.9522763967988,10.902583145018
50.4,-180,-180,4760,498.466034369581,-89.7238861865245,-78.9570198441416,-221.789381584667,88,78.9570198441416,10.7668663423829
50.5,-180,-180,4700,492.182849062401,-88.5929128312322,-77.9617632914843,-218.993717110911,88,77.9617632914843,10.6311495397479
50.6,-180,-180,4640,485.899663755221,-87.4619394759398,-76.9665067388271,-216.198052637155,88,76.9665067388271,10.4954327371128
50.7,-180,-180,4580,479.616478448042,-86.3309661206475,-75.9712501861698,-213.402388163398,88,75.9712501861698,10.3597159344777
50.8,-180,-180,4520,473.333293140862,-85.1999927653552,-74.9759936335126,-210.606723689642,88,74.9759936335126,10.2239991318426
50.9,-180,-180,4460,467.050107833683,-84.0690194100629,-73.9807370808553,-207.811059215886,88,73.9807370808553,10.0882823292075
51,-180,-180,4400,460.766922526503,-82.9380460547705,-72.9854805281981,-205.015394742129,88,72.9854805281981,9.95256552657246
51.1,-180,-180,4340,454.483737219323,-81.8070726994782,-71.9902239755408,-202.219730268373,88,71.9902239755408,9.81684872393738
51.2,-180,-180,4280,448.200551912144,-80.6760993441859,-70.9949674228835,-199.424065794617,88,70.9949674228835,9.68113192130231
51.3,-180,-180,4220,441.917366604964,-79.5451259888936,-69.9997108702264,-196.628401320861,88,69.9997108702264,9.54541511866724
51.4,-180,-180,4160,435.634181297785,-78.4141526336012,-69.0044543175691,-193.832736847104,88,69.0044543175691,9.40969831603215
51.5,-180,-180,4100,429.350995990605,-77.2831792783089,-68.0091977649118,-191.037072373348,88,68.0091977649118,9.27398151339707
51.6,-180,-180,4040,423.067810683425,-76.1522059230166,-67.0139412122546,-188.241407899592,88,67.0139412122546,9.13826471076199
51.7,-180,-180,3980,416.784625376246,-75.0212325677242,-66.0186846595973,-185.445743425835,88,66.0186846595973,9.0025479081269
51.8,-180,-180,3920,410.501440069066,-73.890259212432,-65.0234281069401,-182.650078952079,88,65.0234281069401,8.86683110549184
51.9,-180,-180,3860,404.218254761887,-72.7592858571396,-64.0281715542829,-179.854414478323,88,64.0281715542829,8.73111430285675
52,-180,-180,3800,397.935069454707,-71.6283125018473,-63.0329150016256,-177.058750004566,88,63.0329150016256,8.59539750022168
52.1,-180,-180,3740,391.651884147527,-70.4973391465549,-62.0376584489683,-174.26308553081,88,62.0376584489683,8.45968069758659
52.2,-180,-180,3680,385.368698840348,-69.3663657912626,-61.0424018963111,-171.467421057054,88,61.0424018963111,8.32396389495151
52.3,-180,-180,3620,379.085513533169,-68.2353924359703,-60.0471453436539,-168.671756583297,88,60.0471453436539,8.18824709231644
52.4,-180,-180,3560,372.802328225989,-67.104419080678,-59.0518887909966,-165.876092109541,88,59.0518887909966,8.05253028968136
52.5,-180,-180,3500,366.519142918809,-65.9734457253857,-58.0566322383394,-163.080427635785,88,58.0566322383394,7.91681348704627
52.6,-180,-180,3440,360.23595761163,-64.8424723700933,-57.0613756856821,-160.284763162028,88,57.0613756856821,7.7810966844112
52.7,-180,-180,3380,353.95277230445,-63.711499014801,-56.0661191330249,-157.489098688272,88,56.0661191330249,7.64537988177612
52.8,-180,-180,3320,347.669586997271,-62.5805256595087,-55.0708625803677,-154.693434214516,88,55.0708625803677,7.50966307914104
52.9,-180,-180,3260,341.386401690091,-61.4495523042164,-54.0756060277104,-151.89776974076,88,54.0756060277104,7.37394627650596
53,-180,-180,3200,335.103216382911,-60.318578948924,-53.0803494750532,-149.102105267003,88,53.0803494750532,7.23822947387088
53.1,-180,-180,3140,328.820031075732,-59.1876055936317,-52.0850929223959,-146.306440793247,88,52.0850929223959,7.1025126712358
53.2,-180,-180,3080,322.536845768552,-58.0566322383393,-51.0898363697386,-143.510776319491,88,51.0898363697386,6.96679586860072
53.3,-180,-180,3020,316.253660461373,-56.9256588830471,-50.0945798170814,-140.715111845734,88,50.0945798170814,6.83107906596565
53.4,-180,-180,2960,309.970475154193,-55.7946855277547,-49.0993232644242,-137.919447371978,88,49.0993232644242,6.69536226333057
53.5,-180,-180,2900,303.687289847013,-54.6637121724624,-48.1040667117669,-135.123782898222,88,48.1040667117669,6.55964546069549
53.6,-180,-180,2840,297.404104539834,-53.5327388171701,-47.1088101591097,-132.328118424465,88,47.1088101591097,6.42392865806041
53.7,-180,-180,2780,291.120919232654,-52.4017654618777,-46.1135536064524,-129.532453950709,88,46.1135536064524,6.28821185542532
53.8,-180,-180,2720,284.837733925475,-51.2707921065855,-45.1182970537952,-126.736789476953,88,45.1182970537952,6.15249505279025
53.9,-180,-180,2660,278.554548618295,-50.1398187512931,-44.1230405011379,-123.941125003196,88,44.1230405011379,6.01677825015518
54,-180,-180,2600,272.271363311115,-49.0088453960008,-43.1277839484807,-121.14546052944,88,43.1277839484807,5.88106144752009
54.1,-180,-180,2540,265.988178003936,-47.8778720407084,-42.1325273958234,-118.349796055684,88,42.1325273958234,5.74534464488501
54.2,-180,-180,2480,259.704992696756,-46.7468986854161,-41.1372708431662,-115.554131581927,88,41.1372708431662,5.60962784224993
54.3,-180,-180,2420,253.421807389577,-45.6159253301238,-40.142014290509,-112.758467108171,88,40.142014290509,5.47391103961486
54.4,-180,-180,2360,247.138622082397,-44.4849519748315,-39.1467577378517,-109.962802634415,88,39.1467577378517,5.33819423697978
54.5,-180,-180,2300,240.855436775217,-43.3539786195391,-38.1515011851944,-107.167138160659,88,38.1515011851944,5.2024774343447
54.6,-180,-180,2240,234.572251468038,-42.2230052642468,-37.1562446325372,-104.371473686902,88,37.1562446325372,5.06676063170961
54.7,-180,-180,2180,228.289066160858,-41.0920319089545,-36.1609880798799,-101.575809213146,88,36.1609880798799,4.93104382907454
54.8,-180,-180,2120,222.005880853679,-39.9610585536622,-35.1657315272227,-98.7801447393897,88,35.1657315272227,4.79532702643947
54.9,-180,-180,2060,215.722695546499,-38.8300851983699,-34.1704749745655,-95.9844802656334,88,34.1704749745655,4.65961022380438
55,0,0,2000,209.43951023932,0,0,0,NaN,-0,0
55.1,0,0,1960,205.250720034533,0,0,0,NaN,-0,0
55.2,0,0,1920,201.061929829747,0,0,0,NaN,-0,0
55.3,0,0,1880,196.87313962496,0,0,0,NaN,-0,0
55.4,0,0,1840,192.684349420174,0,0,0,NaN,-0,0
55.5,0,0,1800,188.495559215388,0,0,0,NaN,-0,0
55.6,0,0,1760,184.306769010601,0,0,0,NaN,-0,0
55.7,0,0,1720,180.117978805815,0,0,0,NaN,-0,0
55.8,0,0,1680,175.929188601029,0,0,0,NaN,-0,0
55.9,0,0,1640,171.740398396242,0,0,0,NaN,-0,0
56,0,0,1600,167.551608191456,0,0,0,NaN,-0,0
56.1,0,0,1560,163.362817986669,0,0,0,NaN,-0,0
56.2,0,0,1520,159.174027781883,0,0,0,NaN,-0,0
56.3,0,0,1480,154.985237577097,0,0,0,NaN,-0,0
56.4,0,0,1440,150.79644737231,0,0,0,NaN,-0,0
56.5,0,0,1400,146.607657167524,0,0,0,NaN,-0,0
56.6,0,0,1360,142.418866962737,0,0,0,NaN,-0,0
56.7,0,0,1320,138.230076757951,0,0,0,NaN,-0,0
56.8,0,0,1280,134.041286553165,0,0,0,NaN,-0,0
56.9,0,0,1240,129.852496348378,0,0,0,NaN,-0,0
57,0,0,1200,125.663706143592,0,0,0,NaN,-0,0
57.1,0,0,1160,121.474915938805,0,0,0,NaN,-0,0
57.2,0,0,1120,117.286125734019,0,0,0,NaN,-0,0
57.3,0,0,1080,113.097335529233,0,0,0,NaN,-0,0
57.4,0,0,1040,108.908545324446,0,0,0,NaN,-0,0
57.5,0,0,1000,104.71975511966,0,0,0,NaN,-0,0
57.6,0,0,960,100.530964914873,0,0,0,NaN,-0,0
57.7,0,0,919.999999999999,96.3421747100869,0,0,0,NaN,-0,0
57.8,0,0,880.000000000001,92.1533845053007,0,0,0,NaN,-0,0
57.9,0,0,840,87.9645943005143,0,0,0,NaN,-0,0
58,0,0,800,83.7758040957278,0,0,0,NaN,-0,0
58.1,0,0,760,79.5870138909414,0,0,0,NaN,-0,0
58.2,0,0,719.999999999999,75.3982236861549,0,0,0,NaN,-0,0
58.3,0,0,680.000000000001,71.2094334813688,0,0,0,NaN,-0,0
58.4,0,0,640,67.0206432765823,0,0,0,NaN,-0,0
58.5,0,0,600,62.8318530717959,0,0,0,NaN,-0,0
58.6,0,0,560,58.6430628670094,0,0,0,NaN,-0,0
58.7,0,0,519.999999999999,54.454272662223,0,0,0,NaN,-0,0
58.8,0,0,480.000000000001,50.2654824574368,0,0,0,NaN,-0,0
58.9,0,0,440,46.0766922526503,0,0,0,NaN,-0,0
59,0,0,400,41.8879020478639,0,0,0,NaN,-0,0
59.1,0,0,360,37.6991118430775,0,0,0,NaN,-0,0
59.2,0,0,319.999999999999,33.510321638291,0,0,0,NaN,-0,0
59.3,0,0,280.000000000001,29.3215314335049,0,0,0,NaN,-0,0
59.4,0,0,240,25.1327412287184,0,0,0,NaN,-0,0
59.5,0,0,200,20.943951023932,0,0,0,NaN,-0,0
59.6,0,0,160,16.7551608191455,0,0,0,NaN,-0,0
59.7,0,0,119.999999999999,12.5663706143591,0,0,0,NaN,-0,0
59.8,0,0,80.0000000000011,8.3775804095729,0,0,0,NaN,-0,0
59.9,0,0,40.0000000000005,4.18879020478644,0,0,0,NaN,-0,0
60,0,0,0,0,0,0,0,NaN,-0,0
